{
  "version": 1,
  "collections": [
    {
      "id": "ca294928-4007-8da7-90db-eb54a3f2691f",
      "name": "PlacementMgmt_college",
      "timestamp": 1716636807529,
      "requests": [
        {
          "collectionId": "ca294928-4007-8da7-90db-eb54a3f2691f",
          "id": "0e282621-f40d-4580-f6db-9453169031ae",
          "name": "Post college",
          "description": "",
          "url": "http://localhost:8080/colleges",
          "method": "POST",
          "headers": "Content-Type: application/json\n",
          "data": "{\n  \"collegeId\": 1,\n  \"collegeName\": \"VGIT\",\n  \"collegeLocation\": \"Rampally\"\n}",
          "dataMode": "raw",
          "timestamp": 0,
          "responses": [],
          "version": 2
        },
        {
          "collectionId": "ca294928-4007-8da7-90db-eb54a3f2691f",
          "id": "3e19503c-4572-b67b-4c24-9d4f1f299903",
          "name": "Get list of colleges",
          "description": "",
          "url": "http://localhost:8080/colleges",
          "method": "GET",
          "headers": "Content-Type: application/json\n",
          "data": "{\n  \"collegeId\": 52,\n  \"collegeName\": \"SBIT\",\n  \"collegeLocation\": \"Rampally\"\n}",
          "dataMode": "raw",
          "timestamp": 0,
          "responses": [],
          "version": 2
        },
        {
          "collectionId": "ca294928-4007-8da7-90db-eb54a3f2691f",
          "id": "51e12e94-9d67-96cd-0038-d382ee6357d4",
          "name": "Put college",
          "description": "",
          "url": "http://localhost:8080/colleges/52",
          "method": "PUT",
          "headers": "Content-Type: application/json\n",
          "data": "{\n  \"collegeId\": 52,\n  \"collegeName\": \"SBIT\",\n  \"collegeLocation\": \"Rampally\"\n}",
          "dataMode": "raw",
          "timestamp": 0,
          "responses": [],
          "version": 2
        },
        {
          "collectionId": "ca294928-4007-8da7-90db-eb54a3f2691f",
          "id": "75447dc3-ab67-f392-b42c-ffcf233f3c2a",
          "name": "Delete college",
          "description": "",
          "url": "http://localhost:8080/colleges/2",
          "method": "DELETE",
          "headers": "Content-Type: application/json\n",
          "data": "{\n  \"collegeId\": 52,\n  \"collegeName\": \"SBIT\",\n  \"collegeLocation\": \"Rampally\"\n}",
          "dataMode": "raw",
          "timestamp": 0,
          "responses": [],
          "version": 2
        },
        {
          "collectionId": "ca294928-4007-8da7-90db-eb54a3f2691f",
          "id": "c56d6bf1-9be4-4f8c-cf06-3eefd4405f89",
          "name": "Get college by id",
          "description": "",
          "url": "http://localhost:8080/colleges/52",
          "method": "GET",
          "headers": "Content-Type: application/json\n",
          "data": "{\n  \"collegeId\": 52,\n  \"collegeName\": \"SBIT\",\n  \"collegeLocation\": \"Rampally\"\n}",
          "dataMode": "raw",
          "timestamp": 0,
          "responses": [],
          "version": 2
        }
      ]
    }
  ],
  "environments": [],
  "headerPresets": [],
  "globals": []
}